hyodol,BxKEH5BrpsRdxwW/RAofdp3h4k+neuN9fc6T9jpmC9MS59LaF/PzbMAF3jrjiIupZ25nnPhpdJ498e7PH0eiiA==,nJVpV7tjTPB4ryBNSSZmbI6CYLJT6zonf1mMB/Gn/iP4qICFACUf6/4YzNYt9eOYj/+vqR1jDVVfqRQiheWXiQ==
test,ri4hub/8s0XFVESVSoJiCl9NmiXcCHFGDQr9Sv8PtBhJ2F9OLiByq9pymjxir0omF5hvk7zr3ZxtLy7zafxjmg==,DFAkthqMkH/NBVz2gWOoEqQo2qLYvgTeXYk8p+VpFz6BN2Q4HKJemMiqpu0aQSvOZB14YHjqI6/JH0NFR/2JvQ==
op,xF9NmibgW+zrv7eItKpaT8WxyLZ96BBatHIgErQg3Q3JW8vnQW40WmyQZ7ReSIiavrHbnDCm+Ikg8Wo4Et0g8w==,LDUaDCoLH7XS7sdYWew2bGDwqIspd/ydGx4q5OYjbauzQCZYB80nbgs8NK5X263wck8HBZKHinT8ilTnNDIA6A==
hello,4hoRuwyfP/w+7Xz1reLQNha9YL16HMhCuXy7mKfN8WA7zlRHSPB44lDEcTOTKxF5qdEzw6zPiRYY9+MAexLHXQ==,Hbco014V6jNqnot2XiUwbZKD8YYtRw/KsyNVVTAbl8mDqgr3dvZo9ER4x3OPNT92cAJMfECEOHdCiQwIs8Jx8A==
wow,VoLRrnYXIrDb6WLjS8Z+xUmfTI7L3tW1F0zARToqGwMncZiDll41qMwi5GmkNJK9dJUGnGBmFh2207bq/Uxvmw==,iI1zEqxKf5ZstR4f81alFd1cAms7j/P9LO14Kv4Y2kH2atmHnajj/mt9c07WsPVU5hdwylqKbH4qLGpxAnCjAg==
test1234124,ZLMoAH8HcX4ttOyctIDU4ZHM7IG61irdJJVn/TsiTnkREW6zLwlRTh8kwcjsjCFcbLJ15dgsd9BUuzw7syUqJQ==,OsV2Nq32q7/kzhu6fQmHZ5fi719N0MsmNDeyYL5m4SOO73g3dcdL4l8Trg9H1Kr9GwJ5upN5Ob6+mk5xeAsJkw==
hi,CClyASZdT2Djk8UsdAjuRM6rQ7dO6ypsHSv7DpFOzVqj02W3GMiNIwWJsi9nG2b3rhHbTdei9fXbSEQURkOE2Q==,u51wrwIhp8dwZjWhlkBCDmmFUXEoI1c2XeFxzj4BtZlzO1hWpYR/l6XygH6Al3rrIBlsm7XDdEI1SkXcI/VyZQ==
adjflaksdjf,eDnG4U6Lev+nDPIc/wHnhzZ9ZDDnMPv2UFHjfUeRsIILsYWe2TX5qiM4daHBk8vqWTST1W9npNimgib1aCoLbw==,I/VYV9FY63Pt1p0GGkduFNYJc5HxvvwLeHxcv29c5uVTG0G2Qn8JclHFamxPAmS7z310m1k+l1JO0GFyLCtVWw==
alsdjfalksdf,vWAXt+ao5e8Fj0sZbEplpWfVJ7IEMnMbq1KQD6Ym7QNEvg2Eol8c81F7FD8V0iUkSYW1M+NTnJul1iRl4V8nAA==,oo+pxMxISu0I4qtZaP8tISY6ccvwkZB4Ly508uUFhTOWiCUyUGP+YAA0PXxVTOe/UJ5AxaOVL0KkPPEhNZ/Jug==
huhu,U10cy0FvK7gFkZWNUYIiSgxyKyfcryelNe5L3X3YPuBFfuLt4VC87uWq0vCDH+gUGtRhRBxwNuHdjEY6h1vlwg==,KDicoTHzap0qvYo6F7jsFgfSgV9uPbBOUly4hewJBg2WZxFQBVPkpPze3UUp/SKMxXwm6cr3AZ2TLGLq4kTDkA==
pop1234,oHim5DrgCmHPe/IaWNfeCnjr4P3mTDE7NrPutdrj+1j5j1pUeOVrSzmbkSs/fxQzrOeSo8aQjskvYhXZZOUWIA==,IeADMWVNsyofOhHZc6CzGXlsTx5rPH+NPMhV3UkQMId175GtMw6flsrsNLEoe4mP0VATnKy0xx2cGky3P5fJbg==
ajdsflkajsdf,+VkRXRYtMNPZROJf0oalv/E0m/oYdtVE22WupVg4WvCGcBKO+Mh16AenaB/sqa4SlK9opq+yWo3YImPPjavYyw==,J4IhuzMfxy7uKpZVILT7P/7dUJVdvjrKfd48EOpjUm6vQ3Tg7ATTfItZNizjLSwYxRJS41MDUT1e7VWl3Nm8mg==
